plant_id,timestamp,Rds,Delta_Igs,tds,tgs,status
1,01-01-2025 00:00,0.824835708,0.793086785,12.64768854,15.52302986,Healthy
1,01-01-2025 01:00,0.788292331,0.788293152,13.57921282,14.76743473,Healthy
1,01-01-2025 02:00,0.776526281,0.827128002,11.53658231,13.53427025,Healthy
1,01-01-2025 03:00,0.812098114,0.704335988,10.27508217,13.43771247,Healthy
1,01-01-2025 04:00,0.749358444,0.815712367,11.09197592,12.5876963,Healthy
1,01-01-2025 05:00,0.873282438,0.788711185,12.0675282,12.57525181,Healthy
1,01-01-2025 06:00,0.772780864,0.805546129,10.84900642,14.37569802,Healthy
1,01-01-2025 07:00,0.769968066,0.785415313,11.39829339,15.85227818,Healthy
1,01-01-2025 08:00,0.799325139,0.747114454,12.82254491,12.77915635,Healthy
1,01-01-2025 09:00,0.81044318,0.702016494,10.67181395,14.19686124,Healthy
1,01-01-2025 10:00,0.836923329,0.808568414,11.88435172,13.6988963,Healthy
1,01-01-2025 11:00,0.7260739,0.76400779,11.53936123,15.05712223,Healthy
1,01-01-2025 12:00,0.817180914,0.711847992,12.32408397,13.61491772,Healthy
1,01-01-2025 13:00,0.7661539,0.830583814,13.03099952,14.93128012,Healthy
1,01-01-2025 14:00,0.758039124,0.784539381,12.33126343,14.97554513,Healthy
1,01-01-2025 15:00,0.776041288,0.790717051,10.89366503,12.80379338,Healthy
1,01-01-2025 16:00,0.840626291,0.867812001,11.92798988,15.0035329,Healthy
1,01-01-2025 17:00,0.818081801,0.767744012,12.36139561,15.53803657,Healthy
1,01-01-2025 18:00,0.798208698,0.878232183,9.380254896,14.8219025,Healthy
1,01-01-2025 19:00,0.804352353,0.785049632,12.09176078,12.01243109,Healthy
1,01-01-2025 20:00,0.789016406,0.817855629,13.47789404,13.48172978,Healthy
1,01-01-2025 21:00,0.75957532,0.774912148,12.91540212,14.32875111,Healthy
1,01-01-2025 22:00,0.77351199,0.825663372,12.09707755,14.96864499,Healthy
1,01-01-2025 23:00,0.764897345,0.783616893,11.60789185,12.53648505,Healthy
1,02-01-2025 00:00,0.814806014,0.813052764,12.00511346,13.76541287,Healthy
1,02-01-2025 01:00,0.729231463,0.778967734,11.65728548,13.19772273,Healthy
1,02-01-2025 02:00,0.791935714,0.820202543,13.8861859,14.17457781,Healthy
1,02-01-2025 03:00,0.81287752,0.796277704,10.08122878,13.97348612,Healthy
1,02-01-2025 04:00,0.80301151,0.923162106,11.80763904,14.30154734,Healthy
1,02-01-2025 05:00,0.798264412,0.741566098,13.14282281,14.75193303,Healthy
1,02-01-2025 06:00,0.639551597,0.554530627,15.40279431,14.59814894,Uncertain
1,02-01-2025 07:00,0.629342855,0.709522781,13.00946367,15.43370227,Uncertain
1,02-01-2025 08:00,0.604982568,0.574826217,12.44933657,16.06856297,Uncertain
1,02-01-2025 09:00,0.546884814,0.623679622,13.08057577,17.54993441,Uncertain
1,02-01-2025 10:00,0.560837335,0.583896924,14.81351722,14.76913568,Uncertain
1,02-01-2025 11:00,0.611372997,0.665357138,12.39251677,16.18463386,Uncertain
1,02-01-2025 12:00,0.61299414,0.639091144,12.76304929,14.67954339,Uncertain
1,02-01-2025 13:00,0.626097078,0.614849234,14.25049285,16.34644821,Uncertain
1,02-01-2025 14:00,0.565998764,0.611612685,14.29307247,15.28564858,Uncertain
1,02-01-2025 15:00,0.693288726,0.623691646,12.8086965,16.65655361,Uncertain
1,02-01-2025 16:00,0.551265916,0.63935423,15.15859558,15.17931768,Uncertain
1,02-01-2025 17:00,0.648168806,0.620639046,14.82206016,17.89679298,Uncertain
1,02-01-2025 18:00,0.587730594,0.562313192,13.11048557,15.18418972,Uncertain
1,02-01-2025 19:00,0.596144915,0.617057599,14.2766908,16.82718325,Uncertain
1,02-01-2025 20:00,0.600650095,0.672676704,13.73534317,18.72016917,Uncertain
1,02-01-2025 21:00,0.631283367,0.557142122,12.9291075,16.48247242,Uncertain
1,02-01-2025 22:00,0.588826861,0.635700025,14.47323762,15.92717109,Uncertain
1,02-01-2025 23:00,0.557660314,0.524257639,13.55348505,16.85639879,Uncertain
1,03-01-2025 00:00,0.610704687,0.537713061,14.17318093,16.38531738,Uncertain
1,03-01-2025 01:00,0.555807128,0.607686255,14.05820872,14.8570297,Uncertain
1,03-01-2025 02:00,0.617889368,0.628039226,15.08305124,17.05380205,Uncertain
1,03-01-2025 03:00,0.531116532,0.553108748,14.51503527,16.51378595,Uncertain
1,03-01-2025 04:00,0.625752384,0.792636575,14.57089051,17.13556564,Uncertain
1,03-01-2025 05:00,0.647700088,0.632569563,13.68473076,16.75896922,Uncertain
1,03-01-2025 06:00,0.561358739,0.58815907,13.51463645,16.08187414,Uncertain
1,03-01-2025 07:00,0.715732928,0.50663674,14.68626019,14.38728413,Uncertain
1,03-01-2025 08:00,0.576403407,0.65444753,14.06428002,14.92225522,Uncertain
1,03-01-2025 09:00,0.564234815,0.633979887,13.26963337,16.21645859,Uncertain
1,03-01-2025 10:00,0.602278592,0.567419983,16.14394409,16.63391902,Uncertain
1,03-01-2025 11:00,0.498742871,0.609322716,13.33821354,16.85243333,Uncertain
1,03-01-2025 12:00,0.260373963,0.294263178,17.50498728,19.86575519,Stress
1,03-01-2025 13:00,0.23998518,0.283274938,16.52505469,18.34667077,Stress
1,03-01-2025 14:00,0.388272712,0.320249086,15.73911605,19.91786195,Stress
1,03-01-2025 15:00,0.40610781,0.351623263,15.48063003,18.51576593,Stress
1,03-01-2025 16:00,0.363345557,0.264616527,17.44381943,19.77463405,Stress
1,03-01-2025 17:00,0.253653476,0.297023732,13.75873266,17.97561236,Stress
1,03-01-2025 18:00,0.287371592,0.237610841,18.6324113,17.56985862,Stress
1,03-01-2025 19:00,0.277997776,0.306537029,18.44127329,17.56413785,Stress
1,03-01-2025 20:00,0.358158188,0.300511653,16.01849135,19.46210347,Stress
1,03-01-2025 21:00,0.309952985,0.269989156,17.06980208,18.6146864,Stress
1,03-01-2025 22:00,0.305675867,0.333106534,18.58601682,17.7621845,Stress
1,03-01-2025 23:00,0.406651669,0.20239561,16.8482149,19.58831721,Stress
1,04-01-2025 00:00,0.314049593,0.268865024,16.79187775,18.50699907,Stress
1,04-01-2025 01:00,0.270531762,0.342480105,17.35701549,18.3070904,Stress
1,04-01-2025 02:00,0.344979994,0.315364976,17.81286212,19.62962884,Stress
1,04-01-2025 03:00,0.258550249,0.271990948,17.74729361,19.61037027,Stress
1,04-01-2025 04:00,0.29895492,0.305866369,18.2776649,18.40842861,Stress
1,04-01-2025 05:00,0.327354869,0.289890367,16.7823188,20.09877685,Stress
1,04-01-2025 06:00,0.341270817,0.340675482,18.30547881,19.02100384,Stress
1,04-01-2025 07:00,0.334097649,0.284486662,17.32416635,18.86985695,Stress
1,04-01-2025 08:00,0.304849798,0.329757851,16.18177932,21.09238728,Stress
1,04-01-2025 09:00,0.249699131,0.239290569,18.15811087,19.79166269,Stress
1,04-01-2025 10:00,0.331205991,0.331417275,16.98775323,18.10274563,Stress
1,04-01-2025 11:00,0.303790228,0.266141914,17.97511973,18.85294262,Stress
1,04-01-2025 12:00,0.25872514,0.283930708,17.41293145,18.43627545,Stress
1,04-01-2025 13:00,0.25888898,0.312184361,17.24496657,18.49305682,Stress
1,04-01-2025 14:00,0.276448085,0.311602497,15.55191566,17.59253623,Stress
1,04-01-2025 15:00,0.264077789,0.289327642,17.31090757,20.47535622,Stress
1,04-01-2025 16:00,0.342882981,0.292003074,16.98098379,17.99747064,Stress
1,04-01-2025 17:00,0.299074343,0.285567068,17.32271856,18.17276906,Stress
1,04-01-2025 18:00,0.675967326,0.726636946,13.39123985,15.90171172,Recovery
1,04-01-2025 19:00,0.6845072,0.629938976,13.72409248,15.5125924,Recovery
1,04-01-2025 20:00,0.654883805,0.611349511,13.52451017,15.99799829,Recovery
1,04-01-2025 21:00,0.72255718,0.697963541,15.65318246,14.73265244,Recovery
1,04-01-2025 22:00,0.693616032,0.6591671,15.68980293,14.69170171,Recovery
1,04-01-2025 23:00,0.608013908,0.620030368,11.37610428,14.97424498,Recovery
1,05-01-2025 00:00,0.612043367,0.657519689,13.84175598,17.37617084,Recovery
1,05-01-2025 01:00,0.697521192,0.621154817,12.60158533,15.99191917,Recovery
1,05-01-2025 02:00,0.58398834,0.741572938,14.67944012,15.03082435,Recovery
1,05-01-2025 03:00,0.564343274,0.717693619,13.38546015,16.73781631,Recovery
1,05-01-2025 04:00,0.570278617,0.620031249,13.5052437,15.54698059,Recovery
1,05-01-2025 05:00,0.627496726,0.681142497,12.43237957,15.35762051,Recovery
1,05-01-2025 06:00,0.656014782,0.675721942,14.21161488,14.37535791,Recovery
1,05-01-2025 07:00,0.573294291,0.713883841,13.83231401,14.75151346,Recovery
1,05-01-2025 08:00,0.727557599,0.655783732,14.67929718,15.56751848,Recovery
1,05-01-2025 09:00,0.753037396,0.737767042,13.25103585,16.47157095,Recovery
1,05-01-2025 10:00,0.682268797,0.718431578,12.53507654,16.18605146,Recovery
1,05-01-2025 11:00,0.702921224,0.562063026,12.31674149,13.46076782,Recovery
1,05-01-2025 12:00,0.636529658,0.685877113,15.00235705,15.57409478,Recovery
1,05-01-2025 13:00,0.731430777,0.580994927,11.79661756,15.4444523,Recovery
1,05-01-2025 14:00,0.669203272,0.648365263,11.4325579,15.41087996,Recovery
1,05-01-2025 15:00,0.584776525,0.683483627,13.86659825,14.56012021,Recovery
1,05-01-2025 16:00,0.624306654,0.597039324,13.4373209,16.45514232,Recovery
1,05-01-2025 17:00,0.600713698,0.675202326,12.96974238,14.70712717,Recovery
1,05-01-2025 18:00,0.644648482,0.598237884,12.94635069,14.30212211,Recovery
1,05-01-2025 19:00,0.748236257,0.651763178,12.80027449,15.71397991,Recovery
1,05-01-2025 20:00,0.644383598,0.63895152,14.1141667,16.25750771,Recovery
1,05-01-2025 21:00,0.623474943,0.621209088,13.2249483,13.19807884,Recovery
1,05-01-2025 22:00,0.574240447,0.718343713,15.14496771,15.25096396,Recovery
1,05-01-2025 23:00,0.678827848,0.665562508,16.57888081,16.61957491,Recovery
2,01-01-2025 00:00,0.79360412,0.752222978,10.39355368,14.20346364,Healthy
2,01-01-2025 01:00,0.762182463,0.728887315,11.35342712,12.918452,Healthy
2,01-01-2025 02:00,0.884357082,0.844081988,11.99202736,15.47994414,Healthy
2,01-01-2025 03:00,0.803868415,0.75693579,13.52312408,14.53891004,Healthy
2,01-01-2025 04:00,0.748137692,0.790483066,11.12438175,12.61720027,Healthy
2,01-01-2025 05:00,0.846308877,0.895470832,10.60143243,14.56296924,Healthy
2,01-01-2025 06:00,0.767467872,0.775643731,11.40760608,13.13600923,Healthy
2,01-01-2025 07:00,0.802426081,0.758452494,12.27045683,13.94976189,Healthy
2,01-01-2025 08:00,0.788052598,0.754621817,11.42322867,14.75539123,Healthy
2,01-01-2025 09:00,0.825045859,0.751122238,12.09933231,14.75138712,Healthy
2,01-01-2025 10:00,0.716529736,0.82716801,11.33737624,14.57059867,Healthy
2,01-01-2025 11:00,0.761837042,0.709755895,10.37245756,14.04808495,Healthy
2,01-01-2025 12:00,0.812986125,0.754784169,12.63859246,12.33847994,Healthy
2,01-01-2025 13:00,0.79669601,0.73944919,11.34816389,14.04739867,Healthy
2,01-01-2025 14:00,0.756979332,0.780772223,13.00629281,13.42310813,Healthy
2,01-01-2025 15:00,0.841784606,0.743514657,12.52980418,15.44156862,Healthy
2,01-01-2025 16:00,0.676417775,0.760155237,12.57707213,13.79695461,Healthy
2,01-01-2025 17:00,0.818557294,0.769800741,12.08658979,13.84432276,Healthy
2,01-01-2025 18:00,0.858389103,0.812721042,12.33760266,13.58812303,Healthy
2,01-01-2025 19:00,0.775619689,0.778372091,12.39445214,13.57901552,Healthy
2,01-01-2025 20:00,0.814488743,0.90377004,12.8711247,13.67397647,Healthy
2,01-01-2025 21:00,0.860060696,0.779596231,9.961875465,12.99191369,Healthy
2,01-01-2025 22:00,0.706460404,0.782424326,12.01841838,15.67643731,Healthy
2,01-01-2025 23:00,0.816346369,0.789044974,12.82940558,11.78886469,Healthy
2,02-01-2025 00:00,0.811780728,0.83854326,10.52141375,15.14375404,Healthy
2,02-01-2025 01:00,0.81692482,0.779235604,12.63278187,16.27069286,Healthy
2,02-01-2025 02:00,0.809093313,0.812411029,11.5406391,13.15015563,Healthy
2,02-01-2025 03:00,0.841516791,0.757195809,12.07156624,13.52234255,Healthy
2,02-01-2025 04:00,0.823948991,0.816683105,13.03753994,13.4899836,Healthy
2,02-01-2025 05:00,0.786506253,0.751061814,11.55570674,14.37730049,Healthy
2,02-01-2025 06:00,0.637849431,0.553891734,14.86960592,17.35563786,Uncertain
2,02-01-2025 07:00,0.620671745,0.693839791,13.2262108,14.7553453,Uncertain
2,02-01-2025 08:00,0.511063988,0.674802216,14.65436566,15.94441533,Uncertain
2,02-01-2025 09:00,0.613998431,0.543725548,16.44575198,16.12922118,Uncertain
2,02-01-2025 10:00,0.60546974,0.636288331,14.48100923,16.22388402,Uncertain
2,02-01-2025 11:00,0.560476277,0.623573418,15.8820245,17.34542005,Uncertain
2,02-01-2025 12:00,0.679659331,0.574439216,13.01039518,15.87421308,Uncertain
2,02-01-2025 13:00,0.602786246,0.654709576,12.30753537,17.52955032,Uncertain
2,02-01-2025 14:00,0.592099605,0.578655947,12.98789562,14.34514333,Uncertain
2,02-01-2025 15:00,0.641158529,0.603665898,12.7100391,14.70492123,Uncertain
2,02-01-2025 16:00,0.583210765,0.683451076,13.74040865,14.49685705,Uncertain
2,02-01-2025 17:00,0.587712847,0.586363822,11.30311336,15.94570513,Uncertain
2,02-01-2025 18:00,0.588453273,0.634810318,15.84895609,17.12656503,Uncertain
2,02-01-2025 19:00,0.586555565,0.544673705,16.5733598,16.05921843,Uncertain
2,02-01-2025 20:00,0.600696465,0.598793746,14.19808476,15.85563959,Uncertain
2,02-01-2025 21:00,0.5713169,0.572657053,13.96724673,15.45657523,Uncertain
2,02-01-2025 22:00,0.564357711,0.605321511,13.74502278,17.50399299,Uncertain
2,02-01-2025 23:00,0.46745151,0.654575343,15.24608519,13.92660977,Uncertain
2,03-01-2025 00:00,0.58286562,0.581427957,12.59248831,15.22218331,Uncertain
2,03-01-2025 01:00,0.544471208,0.687613522,14.93567839,17.27155509,Uncertain
2,03-01-2025 02:00,0.636083603,0.543547411,13.47547973,16.48937456,Uncertain
2,03-01-2025 03:00,0.53889361,0.635649922,13.7596746,15.62517919,Uncertain
2,03-01-2025 04:00,0.635547998,0.622213166,13.63903383,17.1593298,Uncertain
2,03-01-2025 05:00,0.545946834,0.63079678,14.59310126,15.69045356,Uncertain
2,03-01-2025 06:00,0.616306651,0.537444321,14.92402702,15.81509786,Uncertain
2,03-01-2025 07:00,0.573863849,0.652450461,13.29565631,14.5915387,Uncertain
2,03-01-2025 08:00,0.522168541,0.630300498,12.71957065,17.75479418,Uncertain
2,03-01-2025 09:00,0.49590353,0.684822818,14.21101747,15.90328689,Uncertain
2,03-01-2025 10:00,0.572754046,0.619956806,13.9623653,17.10330188,Uncertain
2,03-01-2025 11:00,0.605711382,0.607515088,13.63638779,15.94305438,Uncertain
2,03-01-2025 12:00,0.315390088,0.21449158,15.65181458,19.74326409,Stress
2,03-01-2025 13:00,0.308543272,0.290800833,17.01843393,19.34758171,Stress
2,03-01-2025 14:00,0.273012016,0.261084764,17.19584526,18.02162722,Stress
2,03-01-2025 15:00,0.320412638,0.21487082,18.02915564,19.47259748,Stress
2,03-01-2025 16:00,0.312801487,0.349134549,18.66547444,20.01437007,Stress
2,03-01-2025 17:00,0.207956288,0.236021152,16.37518142,19.02609105,Stress
2,03-01-2025 18:00,0.325882951,0.263712809,17.18676676,18.24461707,Stress
2,03-01-2025 19:00,0.26942411,0.229666945,16.07676675,17.64831539,Stress
2,03-01-2025 20:00,0.251206337,0.35268209,16.05060111,21.63238206,Stress
2,03-01-2025 21:00,0.324665895,0.309241806,16.14164222,19.70030988,Stress
2,03-01-2025 22:00,0.271218109,0.306100491,19.56008454,18.9039401,Stress
2,03-01-2025 23:00,0.357463666,0.264841179,16.96501151,20.77080064,Stress
2,04-01-2025 00:00,0.268651647,0.390622428,17.70775194,18.43753322,Stress
2,04-01-2025 01:00,0.331620387,0.348627722,17.62180996,17.42977528,Stress
2,04-01-2025 02:00,0.263643141,0.287624068,16.92556657,19.6206721,Stress
2,04-01-2025 03:00,0.30888505,0.233232782,17.38019785,19.61058575,Stress
2,04-01-2025 04:00,0.327989522,0.354039036,17.83392215,19.45918008,Stress
2,04-01-2025 05:00,0.296491714,0.216951953,17.42961822,19.20768769,Stress
2,04-01-2025 06:00,0.313578942,0.236162571,15.91894346,20.05315285,Stress
2,04-01-2025 07:00,0.298022242,0.334075035,17.02831838,19.02975614,Stress
2,04-01-2025 08:00,0.34691419,0.274197764,17.09612078,18.53772471,Stress
2,04-01-2025 09:00,0.278275189,0.284541394,17.22213377,18.52125138,Stress
2,04-01-2025 10:00,0.362787806,0.255269635,16.81312836,18.56026894,Stress
2,04-01-2025 11:00,0.372348894,0.309827739,18.03184454,17.51443963,Stress
2,04-01-2025 12:00,0.313352513,0.34448154,17.08228399,20.06548038,Stress
2,04-01-2025 13:00,0.274135577,0.370467372,19.29889812,18.63716144,Stress
2,04-01-2025 14:00,0.277724874,0.372669224,18.57957215,18.47713997,Stress
2,04-01-2025 15:00,0.278990659,0.28591077,15.65554949,18.08134805,Stress
2,04-01-2025 16:00,0.249792962,0.261610122,16.96531511,19.23421473,Stress
2,04-01-2025 17:00,0.377525025,0.250082298,17.9843224,18.78601116,Stress
2,04-01-2025 18:00,0.647526815,0.683740975,12.37727798,15.88240975,Recovery
2,04-01-2025 19:00,0.65832261,0.674622563,13.78916864,17.95530014,Recovery
2,04-01-2025 20:00,0.618113001,0.623450152,12.87685947,14.94452288,Recovery
2,04-01-2025 21:00,0.618130644,0.709450827,14.92050425,14.92925371,Recovery
2,04-01-2025 22:00,0.608382221,0.673570778,12.94777696,16.13293182,Recovery
2,04-01-2025 23:00,0.660146151,0.574212794,15.0475052,17.29587767,Recovery
2,05-01-2025 00:00,0.619360565,0.630614922,13.78586539,15.83445679,Recovery
2,05-01-2025 01:00,0.682927214,0.750510227,13.32305277,14.70170276,Recovery
2,05-01-2025 02:00,0.581034039,0.613453498,13.46687303,17.29455786,Recovery
2,05-01-2025 03:00,0.624119435,0.661189398,13.4835771,16.68839327,Recovery
2,05-01-2025 04:00,0.776346621,0.623456561,13.01056056,16.54416088,Recovery
2,05-01-2025 05:00,0.684094574,0.742335366,14.08392819,15.14070791,Recovery
2,05-01-2025 06:00,0.679532742,0.705435179,14.32048218,16.00727403,Recovery
2,05-01-2025 07:00,0.703333734,0.70846478,14.88215899,16.14870989,Recovery
2,05-01-2025 08:00,0.641644096,0.657335684,14.70650897,14.68306433,Recovery
2,05-01-2025 09:00,0.668433665,0.630333059,13.52874482,16.77845186,Recovery
2,05-01-2025 10:00,0.659554953,0.652321827,12.14014386,16.24625357,Recovery
2,05-01-2025 11:00,0.682274209,0.758162736,13.19222177,15.71915033,Recovery
2,05-01-2025 12:00,0.662469184,0.728872664,13.40470447,15.77902153,Recovery
2,05-01-2025 13:00,0.680394825,0.659330456,13.05356639,15.69408999,Recovery
2,05-01-2025 14:00,0.703681587,0.598674235,13.63296967,14.79987919,Recovery
2,05-01-2025 15:00,0.709752331,0.573840655,12.94107815,15.87721188,Recovery
2,05-01-2025 16:00,0.728276201,0.646712487,12.94480047,17.38115707,Recovery
2,05-01-2025 17:00,0.577599305,0.540059702,13.94001445,14.99794578,Recovery
2,05-01-2025 18:00,0.598938359,0.685417822,13.74380071,14.93592137,Recovery
2,05-01-2025 19:00,0.58598478,0.693622866,14.15020118,15.40082414,Recovery
2,05-01-2025 20:00,0.74233185,0.596495762,11.97447483,14.80809193,Recovery
2,05-01-2025 21:00,0.647720699,0.662166972,13.25876394,15.8520554,Recovery
2,05-01-2025 22:00,0.587423029,0.72218823,13.41784882,16.61729583,Recovery
2,05-01-2025 23:00,0.667136267,0.672837661,14.06976728,15.94770856,Recovery
3,01-01-2025 00:00,0.832136138,0.866457627,12.19652117,14.70900376,Healthy
3,01-01-2025 01:00,0.795513215,0.872005861,11.3236077,15.80094043,Healthy
3,01-01-2025 02:00,0.797992102,0.728461245,12.12810441,13.31894834,Healthy
3,01-01-2025 03:00,0.842032177,0.767368801,11.55381657,12.11045927,Healthy
3,01-01-2025 04:00,0.777384684,0.678806034,10.41609718,14.76041466,Healthy
3,01-01-2025 05:00,0.839290008,0.821272878,11.03302386,13.95228864,Healthy
3,01-01-2025 06:00,0.799819873,0.742081766,13.5033983,14.87736229,Healthy
3,01-01-2025 07:00,0.788951791,0.801344292,12.20838281,11.95826513,Healthy
3,01-01-2025 08:00,0.787641131,0.765900788,10.99837999,13.71889971,Healthy
3,01-01-2025 09:00,0.889884326,0.832042143,11.42882101,14.57258278,Healthy
3,01-01-2025 10:00,0.869967772,0.846231684,12.05963037,13.35306322,Healthy
3,01-01-2025 11:00,0.834911166,0.819674269,12.89519322,14.6351718,Healthy
3,01-01-2025 12:00,0.852477636,0.773238239,13.31739407,14.1975996,Healthy
3,01-01-2025 13:00,0.903763044,0.765540609,13.7359638,14.19791078,Healthy
3,01-01-2025 14:00,0.7674291,0.775805708,11.67965269,14.42416595,Healthy
3,01-01-2025 15:00,0.826141774,0.771315,11.97564541,16.14227036,Healthy
3,01-01-2025 16:00,0.886377159,0.821816183,12.03800348,14.12003133,Healthy
3,01-01-2025 17:00,0.830675899,0.748860372,11.74262346,12.33141593,Healthy
3,01-01-2025 18:00,0.819961156,0.832359797,11.51681354,15.57398676,Healthy
3,01-01-2025 19:00,0.738711717,0.726781256,12.22445182,15.0470983,Healthy
3,01-01-2025 20:00,0.884196385,0.777055787,13.07868083,13.96149153,Healthy
3,01-01-2025 21:00,0.791368635,0.844182997,12.65232288,12.42360784,Healthy
3,01-01-2025 22:00,0.873827017,0.869004568,11.3744373,14.39580353,Healthy
3,01-01-2025 23:00,0.824701509,0.813033688,11.44969485,13.32837663,Healthy
3,02-01-2025 00:00,0.798722296,0.858636451,12.54360015,13.62938567,Healthy
3,02-01-2025 01:00,0.838584936,0.657572869,13.1487657,12.26028622,Healthy
3,02-01-2025 02:00,0.781877953,0.744016505,10.70531852,15.16082679,Healthy
3,02-01-2025 03:00,0.77661494,0.817325194,11.95307942,14.47704083,Healthy
3,02-01-2025 04:00,0.803841095,0.735850389,12.99626682,13.50624342,Healthy
3,02-01-2025 05:00,0.722170905,0.778594242,13.50075979,14.85022174,Healthy
3,02-01-2025 06:00,0.582567393,0.582537115,13.67836495,18.07674798,Uncertain
3,02-01-2025 07:00,0.619096773,0.621502082,15.03028345,16.23878916,Uncertain
3,02-01-2025 08:00,0.587047893,0.590182508,13.92839874,15.96277776,Uncertain
3,02-01-2025 09:00,0.636381477,0.602597294,14.73264008,15.91928342,Uncertain
3,02-01-2025 10:00,0.60393176,0.500089966,14.91632767,16.34648848,Uncertain
3,02-01-2025 11:00,0.649900505,0.455187231,16.0883747,15.86041037,Uncertain
3,02-01-2025 12:00,0.655409141,0.548004704,14.61277391,14.94658444,Uncertain
3,02-01-2025 13:00,0.568811552,0.695701568,13.8093176,16.21743287,Uncertain
3,02-01-2025 14:00,0.643503387,0.624784094,14.15041891,16.364961,Uncertain
3,02-01-2025 15:00,0.720170779,0.59711906,14.20109905,17.0506544,Uncertain
3,02-01-2025 16:00,0.655276297,0.659351515,14.63873022,14.85699509,Uncertain
3,02-01-2025 17:00,0.681671577,0.54268273,14.30263547,15.24572415,Uncertain
3,02-01-2025 18:00,0.596793083,0.616438121,14.32135722,16.42192075,Uncertain
3,02-01-2025 19:00,0.680685563,0.622676715,13.75584336,16.96408717,Uncertain
3,02-01-2025 20:00,0.659473524,0.538619609,14.59740007,16.70117274,Uncertain
3,02-01-2025 21:00,0.585121825,0.668785341,13.84994441,16.12557645,Uncertain
3,02-01-2025 22:00,0.591346409,0.600778952,12.90372491,14.55994912,Uncertain
3,02-01-2025 23:00,0.679725253,0.557651933,13.00860765,13.84660989,Uncertain
3,03-01-2025 00:00,0.568051913,0.53384551,15.64201516,17.00981709,Uncertain
3,03-01-2025 01:00,0.565592483,0.71262179,14.98176549,15.67516862,Uncertain
3,03-01-2025 02:00,0.475029714,0.714547129,12.61042753,14.35460125,Uncertain
3,03-01-2025 03:00,0.651128522,0.72198762,15.38427282,16.56390912,Uncertain
3,03-01-2025 04:00,0.629737717,0.642670778,14.75892859,16.28119142,Uncertain
3,03-01-2025 05:00,0.605210055,0.596870344,13.24603541,15.71932492,Uncertain
3,03-01-2025 06:00,0.515352159,0.595083019,13.01140889,14.89641068,Uncertain
3,03-01-2025 07:00,0.608994708,0.669600114,14.91831661,14.4294994,Uncertain
3,03-01-2025 08:00,0.550518593,0.647038559,13.01751261,15.77536685,Uncertain
3,03-01-2025 09:00,0.627502605,0.551582777,14.10537551,14.66597451,Uncertain
3,03-01-2025 10:00,0.569931618,0.615989097,12.40700627,16.44047474,Uncertain
3,03-01-2025 11:00,0.59901811,0.627624498,14.22391413,17.36414043,Uncertain
3,03-01-2025 12:00,0.306261225,0.278529723,17.1222975,19.54329803,Stress
3,03-01-2025 13:00,0.302443004,0.302029585,16.29800831,18.33709908,Stress
3,03-01-2025 14:00,0.229869736,0.387478837,15.75613676,18.3070948,Stress
3,03-01-2025 15:00,0.264079637,0.344746219,16.70505032,20.24774207,Stress
3,03-01-2025 16:00,0.266325469,0.313949708,16.16465295,21.14514913,Stress
3,03-01-2025 17:00,0.240620079,0.315491036,17.63377688,19.4137991,Stress
3,03-01-2025 18:00,0.290735617,0.293508965,17.04381147,18.852998,Stress
3,03-01-2025 19:00,0.348193956,0.41052615,16.44250821,17.63019702,Stress
3,03-01-2025 20:00,0.295585898,0.428985467,16.19632543,20.63911681,Stress
3,03-01-2025 21:00,0.383885041,0.272320588,17.56898308,20.62839662,Stress
3,03-01-2025 22:00,0.281043613,0.289820982,16.41831909,17.98524327,Stress
3,03-01-2025 23:00,0.267536123,0.238802987,17.03408347,18.23002677,Stress
3,04-01-2025 00:00,0.311689296,0.222205218,17.33088023,19.83352896,Stress
3,04-01-2025 01:00,0.200313218,0.318702828,18.22766899,17.79035898,Stress
3,04-01-2025 02:00,0.383628619,0.32095095,16.29498814,18.94423092,Stress
3,04-01-2025 03:00,0.327916346,0.30380027,17.53875599,18.07932641,Stress
3,04-01-2025 04:00,0.308468041,0.229314275,16.88877394,18.09609236,Stress
3,04-01-2025 05:00,0.263223503,0.361804659,18.09131012,19.60913812,Stress
3,04-01-2025 06:00,0.245384362,0.284179578,18.2130977,19.14171691,Stress
3,04-01-2025 07:00,0.415966477,0.319665892,17.19204912,18.69088354,Stress
3,04-01-2025 08:00,0.306677045,0.292376508,17.70810868,19.95670232,Stress
3,04-01-2025 09:00,0.260700527,0.233438352,15.16379463,19.50799133,Stress
3,04-01-2025 10:00,0.24483167,0.19235547,17.3885786,21.49299952,Stress
3,04-01-2025 11:00,0.299696454,0.341924539,17.08182936,18.90111035,Stress
3,04-01-2025 12:00,0.345953824,0.285486273,17.26739231,19.32169781,Stress
3,04-01-2025 13:00,0.266595477,0.349602117,16.82504024,18.24425484,Stress
3,04-01-2025 14:00,0.326825492,0.255076601,17.02818116,18.990881,Stress
3,04-01-2025 15:00,0.354294778,0.323734912,16.97497304,19.8177663,Stress
3,04-01-2025 16:00,0.369510377,0.327890515,17.01035262,17.68816377,Stress
3,04-01-2025 17:00,0.246744317,0.284738765,16.3904878,18.8130287,Stress
3,04-01-2025 18:00,0.652832496,0.676484638,13.42950122,15.98650164,Recovery
3,04-01-2025 19:00,0.653223721,0.551226672,12.56066461,15.35591244,Recovery
3,04-01-2025 20:00,0.589515263,0.679996436,15.03075083,16.71876185,Recovery
3,04-01-2025 21:00,0.639327856,0.724536307,13.64866746,15.16291403,Recovery
3,04-01-2025 22:00,0.619329867,0.634876516,13.11182318,15.67041622,Recovery
3,04-01-2025 23:00,0.658028699,0.650152301,13.93693817,16.69064627,Recovery
3,05-01-2025 00:00,0.697477707,0.575755102,10.94607887,16.43431991,Recovery
3,05-01-2025 01:00,0.581656065,0.63876173,12.32988697,13.69801956,Recovery
3,05-01-2025 02:00,0.677073136,0.687957758,12.9234896,12.90895771,Recovery
3,05-01-2025 03:00,0.622687778,0.6695902,12.02108843,15.68335992,Recovery
3,05-01-2025 04:00,0.649234508,0.678964575,13.61958037,14.52693106,Recovery
3,05-01-2025 05:00,0.709828575,0.642073521,13.47269546,14.56673204,Recovery
3,05-01-2025 06:00,0.627835887,0.605759864,13.32705394,17.21170848,Recovery
3,05-01-2025 07:00,0.581404943,0.56932193,14.97117033,15.29067632,Recovery
3,05-01-2025 08:00,0.616546363,0.701995234,12.89438446,17.32600971,Recovery
3,05-01-2025 09:00,0.683896294,0.62560443,15.65730821,14.89428508,Recovery
3,05-01-2025 10:00,0.687104769,0.664964629,14.80174129,17.0615112,Recovery
3,05-01-2025 11:00,0.651600207,0.612329106,13.95997214,14.82228463,Recovery
3,05-01-2025 12:00,0.750669362,0.656826767,13.13467845,15.68468031,Recovery
3,05-01-2025 13:00,0.582643686,0.601419298,14.70041391,14.84310572,Recovery
3,05-01-2025 14:00,0.597654451,0.676832638,14.68570415,16.21895331,Recovery
3,05-01-2025 15:00,0.699802384,0.612160246,12.07818933,17.00133365,Recovery
3,05-01-2025 16:00,0.633866008,0.637458349,14.82819414,16.05623001,Recovery
3,05-01-2025 17:00,0.672794389,0.758250117,12.85648177,16.42784013,Recovery
3,05-01-2025 18:00,0.652850656,0.663429614,15.02846843,16.00783576,Recovery
3,05-01-2025 19:00,0.676914804,0.703625367,13.13504727,14.66079033,Recovery
3,05-01-2025 20:00,0.59775954,0.551682171,15.55620713,14.39679163,Recovery
3,05-01-2025 21:00,0.638937319,0.636159335,13.8074067,16.31573721,Recovery
3,05-01-2025 22:00,0.693023674,0.620846128,13.33287829,15.78257995,Recovery
3,05-01-2025 23:00,0.637565444,0.730367279,13.99097495,16.23487779,Recovery
4,01-01-2025 00:00,0.833144063,0.858673693,12.18102156,12.70316805,Healthy
4,01-01-2025 01:00,0.819984398,0.767432155,11.47138332,14.58636402,Healthy
4,01-01-2025 02:00,0.861914154,0.801063579,12.30883301,15.70221494,Healthy
4,01-01-2025 03:00,0.812037659,0.930084156,12.56550965,12.23923724,Healthy
4,01-01-2025 04:00,0.837667081,0.819057919,13.28975275,14.67318135,Healthy
4,01-01-2025 05:00,0.793077201,0.738785088,11.79097674,13.14947955,Healthy
4,01-01-2025 06:00,0.770973828,0.82942892,13.6699045,14.39467153,Healthy
4,01-01-2025 07:00,0.740205847,0.822230133,13.19663149,13.3902171,Healthy
4,01-01-2025 08:00,0.793299142,0.80073441,11.21510169,14.64828043,Healthy
4,01-01-2025 09:00,0.793952593,0.820976622,11.11250782,13.5625417,Healthy
4,01-01-2025 10:00,0.836119068,0.781358342,13.72696385,13.60036381,Healthy
4,01-01-2025 11:00,0.811234236,0.846629542,10.58163427,12.23919119,Healthy
4,01-01-2025 12:00,0.723717184,0.863129205,11.44814185,16.55819929,Healthy
4,01-01-2025 13:00,0.77178762,0.809227565,13.54210995,16.00609289,Healthy
4,01-01-2025 14:00,0.903075179,0.860418312,13.02406253,14.59252695,Healthy
4,01-01-2025 15:00,0.838918054,0.772440714,11.18180112,13.99662554,Healthy
4,01-01-2025 16:00,0.791490769,0.777338598,12.69638745,14.95530521,Healthy
4,01-01-2025 17:00,0.804420344,0.873876504,10.85831089,13.80634054,Healthy
4,01-01-2025 18:00,0.764158884,0.706673169,11.91731931,13.87825249,Healthy
4,01-01-2025 19:00,0.875672487,0.831540584,10.97581318,15.85409257,Healthy
4,01-01-2025 20:00,0.861051685,0.829104885,11.7735159,13.04056076,Healthy
4,01-01-2025 21:00,0.781389661,0.854437431,13.88458631,15.54324353,Healthy
4,01-01-2025 22:00,0.775557529,0.744019128,12.14088625,12.23156063,Healthy
4,01-01-2025 23:00,0.816158386,0.792619871,11.5339635,12.40529693,Healthy
4,02-01-2025 00:00,0.825680005,0.773364958,10.83008316,11.12773779,Healthy
4,02-01-2025 01:00,0.798624255,0.88861258,13.66125921,13.54290374,Healthy
4,02-01-2025 02:00,0.769889397,0.823438713,11.00161456,14.3017919,Healthy
4,02-01-2025 03:00,0.838304014,0.861346661,11.89984592,13.79632625,Healthy
4,02-01-2025 04:00,0.756100871,0.758655982,11.77352111,14.36736551,Healthy
4,02-01-2025 05:00,0.845679231,0.759841052,13.49268857,13.7288764,Healthy
4,02-01-2025 06:00,0.598931635,0.562639416,11.57575974,16.8840454,Uncertain
4,02-01-2025 07:00,0.636842195,0.585933622,14.06699072,16.51593922,Uncertain
4,02-01-2025 08:00,0.521872707,0.573547366,14.79426468,14.74571058,Uncertain
4,02-01-2025 09:00,0.614677897,0.53217091,14.46642998,15.96435852,Uncertain
4,02-01-2025 10:00,0.519243409,0.658236968,13.26540842,15.18974756,Uncertain
4,02-01-2025 11:00,0.61002846,0.657431867,12.98417818,16.06167985,Uncertain
4,02-01-2025 12:00,0.621440825,0.63465528,14.17644156,15.63297216,Uncertain
4,02-01-2025 13:00,0.558620489,0.604307194,12.92786099,13.07864952,Uncertain
4,02-01-2025 14:00,0.62182799,0.645196742,11.63706756,14.9902693,Uncertain
4,02-01-2025 15:00,0.630957713,0.702874773,14.02079371,15.27199706,Uncertain
4,02-01-2025 16:00,0.590855178,0.668743821,13.35403582,15.20080799,Uncertain
4,02-01-2025 17:00,0.575862824,0.55233357,14.12267032,17.62467846,Uncertain
4,02-01-2025 18:00,0.616153964,0.587382325,13.70818873,14.43680919,Uncertain
4,02-01-2025 19:00,0.644155489,0.59610814,13.81952009,19.19310757,Uncertain
4,02-01-2025 20:00,0.614937645,0.562410447,13.5736424,17.14844571,Uncertain
4,02-01-2025 21:00,0.605663521,0.528086101,14.91922893,15.33185591,Uncertain
4,02-01-2025 22:00,0.693664889,0.654002403,13.5526781,17.28101636,Uncertain
4,02-01-2025 23:00,0.603392776,0.642638684,14.48473282,15.15364335,Uncertain
4,03-01-2025 00:00,0.567822508,0.651498041,13.66522467,15.59635154,Uncertain
4,03-01-2025 01:00,0.552243871,0.621179953,16.06252492,14.93246709,Uncertain
4,03-01-2025 02:00,0.601210973,0.670611028,13.92035861,16.4523718,Uncertain
4,03-01-2025 03:00,0.546880324,0.621415355,13.81285573,16.98573,Uncertain
4,03-01-2025 04:00,0.659369303,0.729478182,14.57963317,16.32579632,Uncertain
4,03-01-2025 05:00,0.609719215,0.582341685,14.33848384,15.70459859,Uncertain
4,03-01-2025 06:00,0.608423049,0.665879877,12.99345743,17.13987856,Uncertain
4,03-01-2025 07:00,0.665855753,0.594096574,11.8781451,15.39217801,Uncertain
4,03-01-2025 08:00,0.664849727,0.598856597,13.00069777,15.49522508,Uncertain
4,03-01-2025 09:00,0.642031001,0.627336678,13.7610679,15.63317559,Uncertain
4,03-01-2025 10:00,0.580412093,0.553879491,15.61537569,15.67767953,Uncertain
4,03-01-2025 11:00,0.660857926,0.676065803,14.9983109,15.56837969,Uncertain
4,03-01-2025 12:00,0.320186505,0.29879022,16.09629814,19.32435928,Stress
4,03-01-2025 13:00,0.24104801,0.359383969,16.5353827,19.20115966,Stress
4,03-01-2025 14:00,0.314164394,0.287054751,17.5866938,18.52509634,Stress
4,03-01-2025 15:00,0.343564865,0.232701016,17.12637958,20.938929,Stress
4,03-01-2025 16:00,0.249983434,0.266112751,17.51390785,19.17958178,Stress
4,03-01-2025 17:00,0.317531505,0.324459357,17.63472147,20.10969984,Stress
4,03-01-2025 18:00,0.320490933,0.287937117,17.6725737,20.89988193,Stress
4,03-01-2025 19:00,0.293368313,0.251273535,18.10708067,18.87961884,Stress
4,03-01-2025 20:00,0.191366523,0.342371084,16.46467181,18.90946672,Stress
4,03-01-2025 21:00,0.316599017,0.309524984,17.70945182,18.56451363,Stress
4,03-01-2025 22:00,0.32565529,0.287022666,17.73881048,19.61536748,Stress
4,03-01-2025 23:00,0.253228065,0.354299106,16.46403655,19.8080578,Stress
4,04-01-2025 00:00,0.318364366,0.391909184,16.77653402,18.6506832,Stress
4,04-01-2025 01:00,0.29902902,0.284841011,17.7999419,17.38368939,Stress
4,04-01-2025 02:00,0.247315879,0.246609854,17.95030759,20.71061337,Stress
4,04-01-2025 03:00,0.294777539,0.291558914,17.07005216,20.1618783,Stress
4,04-01-2025 04:00,0.253632343,0.311918449,17.97519763,19.50109417,Stress
4,04-01-2025 05:00,0.309479081,0.350052305,14.29676771,19.67787532,Stress
4,04-01-2025 06:00,0.267296216,0.208468355,17.5112026,20.37365855,Stress
4,04-01-2025 07:00,0.293127574,0.347643727,18.61227826,20.31491445,Stress
4,04-01-2025 08:00,0.381998226,0.337106375,17.07543364,17.39803419,Stress
4,04-01-2025 09:00,0.287696876,0.25783767,19.17094272,18.82411419,Stress
4,04-01-2025 10:00,0.30616024,0.327574269,17.04360245,20.69505104,Stress
4,04-01-2025 11:00,0.268867532,0.309730373,16.25752941,17.67997749,Stress
4,04-01-2025 12:00,0.269411545,0.29814816,16.57069778,18.30757902,Stress
4,04-01-2025 13:00,0.229684127,0.295844721,15.49527963,19.76005596,Stress
4,04-01-2025 14:00,0.304121988,0.227122425,16.69079092,18.24784359,Stress
4,04-01-2025 15:00,0.315958726,0.367022522,15.12482753,19.11502608,Stress
4,04-01-2025 16:00,0.29199336,0.333567004,17.21319663,18.24803067,Stress
4,04-01-2025 17:00,0.284047303,0.260198707,18.07600714,19.02131165,Stress
4,04-01-2025 18:00,0.745059534,0.646966959,12.79159323,13.98628561,Recovery
4,04-01-2025 19:00,0.559843016,0.570793203,13.76712665,16.00872502,Recovery
4,04-01-2025 20:00,0.570940465,0.694751916,13.01693895,15.64679301,Recovery
4,04-01-2025 21:00,0.730611031,0.694841966,13.23146935,14.60880777,Recovery
4,04-01-2025 22:00,0.54240923,0.614042334,13.28886976,14.51282047,Recovery
4,04-01-2025 23:00,0.643437152,0.653842594,13.27514402,14.84999742,Recovery
4,05-01-2025 00:00,0.658432734,0.672097032,12.40960092,16.91093238,Recovery
4,05-01-2025 01:00,0.645070593,0.650942481,14.20821442,15.73321613,Recovery
4,05-01-2025 02:00,0.697656832,0.664356208,12.88756263,15.86150353,Recovery
4,05-01-2025 03:00,0.59281369,0.655427985,13.46677001,15.29188314,Recovery
4,05-01-2025 04:00,0.643573124,0.555907548,12.95127509,15.5928449,Recovery
4,05-01-2025 05:00,0.65799282,0.598616243,14.76570784,14.63382515,Recovery
4,05-01-2025 06:00,0.69847286,0.671359718,12.85377269,17.27531089,Recovery
4,05-01-2025 07:00,0.590318158,0.695957709,14.50058232,14.82937979,Recovery
4,05-01-2025 08:00,0.719623265,0.637497674,13.78869363,15.76032184,Recovery
4,05-01-2025 09:00,0.643284563,0.690540414,14.29348872,13.75146803,Recovery
4,05-01-2025 10:00,0.715217012,0.566875401,14.5325462,16.62670514,Recovery
4,05-01-2025 11:00,0.595451678,0.629459286,12.39429533,15.28507897,Recovery
4,05-01-2025 12:00,0.634598286,0.688983027,14.81030875,16.89568381,Recovery
4,05-01-2025 13:00,0.621891599,0.639538906,11.81656181,14.69412993,Recovery
4,05-01-2025 14:00,0.698242582,0.730779141,12.26565113,14.90753574,Recovery
4,05-01-2025 15:00,0.648679712,0.664008058,12.69039648,15.92406104,Recovery
4,05-01-2025 16:00,0.626308033,0.649277386,14.04628425,15.50642227,Recovery
4,05-01-2025 17:00,0.628180705,0.64451951,13.41163704,15.12998897,Recovery
4,05-01-2025 18:00,0.637060197,0.729932359,14.06091945,15.20451968,Recovery
4,05-01-2025 19:00,0.68484772,0.633309026,14.67312464,15.86964219,Recovery
4,05-01-2025 20:00,0.644634893,0.672385846,11.92912385,14.37323253,Recovery
4,05-01-2025 21:00,0.59030375,0.657147155,15.232515,17.73130015,Recovery
4,05-01-2025 22:00,0.681902555,0.675042224,11.69894227,14.9573262,Recovery
4,05-01-2025 23:00,0.610610812,0.61895762,13.33185618,15.02790942,Recovery
5,01-01-2025 00:00,0.701035009,0.837395513,10.92725697,14.23924686,Healthy
5,01-01-2025 01:00,0.903704133,0.75403077,9.469712477,13.71399578,Healthy
5,01-01-2025 02:00,0.855047982,0.897917373,10.77045041,14.49669922,Healthy
5,01-01-2025 03:00,0.776734477,0.794702582,14.64434335,12.49702967,Healthy
5,01-01-2025 04:00,0.812686983,0.823384659,13.08578632,14.09798315,Healthy
5,01-01-2025 05:00,0.815402527,0.780417572,12.26912694,13.65680772,Healthy
5,01-01-2025 06:00,0.831078594,0.781519483,12.37710039,13.97073719,Healthy
5,01-01-2025 07:00,0.856302513,0.797430314,10.22696753,15.2619215,Healthy
5,01-01-2025 08:00,0.754713385,0.767311683,11.40433871,15.37443809,Healthy
5,01-01-2025 09:00,0.693216289,0.956887427,13.05605681,14.22323891,Healthy
5,01-01-2025 10:00,0.7972553,0.814277704,12.52112243,14.64521559,Healthy
5,01-01-2025 11:00,0.827780223,0.804479034,11.80266158,13.84872672,Healthy
5,01-01-2025 12:00,0.790254586,0.856688505,12.59355672,11.05961137,Healthy
5,01-01-2025 13:00,0.832795039,0.80973681,11.98129124,13.61148155,Healthy
5,01-01-2025 14:00,0.856205636,0.847376323,11.22712233,14.40705229,Healthy
5,01-01-2025 15:00,0.751417163,0.731019092,11.37328278,14.86239347,Healthy
5,01-01-2025 16:00,0.847656252,0.825654271,12.72509579,14.51617829,Healthy
5,01-01-2025 17:00,0.76792592,0.821596127,12.80040953,14.75429133,Healthy
5,01-01-2025 18:00,0.859445669,0.835415192,12.35144821,15.07015024,Healthy
5,01-01-2025 19:00,0.798673937,0.755906267,11.83693304,13.25509736,Healthy
5,01-01-2025 20:00,0.766241086,0.792774066,11.20758008,13.69203847,Healthy
5,01-01-2025 21:00,0.705319267,0.810664685,12.00120548,13.18291137,Healthy
5,01-01-2025 22:00,0.832962283,0.846878507,10.39244014,13.23727522,Healthy
5,01-01-2025 23:00,0.761542883,0.753004845,12.82947484,13.80617386,Healthy
5,02-01-2025 00:00,0.786774258,0.699806882,12.63541803,12.76074161,Healthy
5,02-01-2025 01:00,0.802996632,0.813868847,13.3606586,12.6911796,Healthy
5,02-01-2025 02:00,0.649024392,0.809192477,13.80051118,15.23894635,Healthy
5,02-01-2025 03:00,0.810482971,0.775418191,12.8071226,13.0264538,Healthy
5,02-01-2025 04:00,0.823817888,0.825273508,13.06020991,16.75966004,Healthy
5,02-01-2025 05:00,0.819620798,0.774551819,11.97442569,12.2309241,Healthy
5,02-01-2025 06:00,0.565264343,0.579535878,13.4759116,16.15235487,Uncertain
5,02-01-2025 07:00,0.558879003,0.656051533,14.00020706,15.99069968,Uncertain
5,02-01-2025 08:00,0.583605264,0.607759534,14.82509826,15.13286978,Uncertain
5,02-01-2025 09:00,0.567094176,0.584813699,12.65412908,15.18074214,Uncertain
5,02-01-2025 10:00,0.576188956,0.643719459,14.26256133,16.19358991,Uncertain
5,02-01-2025 11:00,0.642544898,0.593131411,14.39046485,15.89677825,Uncertain
5,02-01-2025 12:00,0.613268117,0.570862067,11.56118284,15.86572084,Uncertain
5,02-01-2025 13:00,0.671137407,0.64631077,14.96539748,17.23613072,Uncertain
5,02-01-2025 14:00,0.60443288,0.609865785,13.3823481,15.68392714,Uncertain
5,02-01-2025 15:00,0.630788557,0.660194222,13.86055372,15.54981074,Uncertain
5,02-01-2025 16:00,0.600026398,0.630060337,12.55614518,13.70381905,Uncertain
5,02-01-2025 17:00,0.572473158,0.538964379,13.4918598,15.85221968,Uncertain
5,02-01-2025 18:00,0.57733758,0.672623377,14.32674476,16.30047436,Uncertain
5,02-01-2025 19:00,0.631110357,0.543058344,15.03911179,15.92423571,Uncertain
5,02-01-2025 20:00,0.633524031,0.546407138,12.44624123,16.81788966,Uncertain
5,02-01-2025 21:00,0.618820476,0.554897422,13.13033692,17.12543478,Uncertain
5,02-01-2025 22:00,0.540529405,0.682133648,13.09937927,16.63839193,Uncertain
5,02-01-2025 23:00,0.583569076,0.630159372,13.455886,15.83720709,Uncertain
5,03-01-2025 00:00,0.602045959,0.549890627,14.74082435,15.48678643,Uncertain
5,03-01-2025 01:00,0.588570004,0.550282531,11.43766634,15.80897224,Uncertain
5,03-01-2025 02:00,0.720630771,0.639230214,13.98073962,15.73710917,Uncertain
5,03-01-2025 03:00,0.601123295,0.627355956,12.81918718,17.11432169,Uncertain
5,03-01-2025 04:00,0.635769066,0.635909286,14.43847574,16.01961666,Uncertain
5,03-01-2025 05:00,0.633643062,0.629590707,13.64595929,15.42639823,Uncertain
5,03-01-2025 06:00,0.605092815,0.677451008,12.76089292,14.53247473,Uncertain
5,03-01-2025 07:00,0.608238042,0.602544385,14.17334166,16.2439532,Uncertain
5,03-01-2025 08:00,0.588839887,0.674493172,12.39909602,15.17150298,Uncertain
5,03-01-2025 09:00,0.594837262,0.517840559,13.8241456,17.66147017,Uncertain
5,03-01-2025 10:00,0.601044324,0.611535045,12.73983523,15.38363859,Uncertain
5,03-01-2025 11:00,0.581240181,0.584114245,15.2816438,16.55769106,Uncertain
5,03-01-2025 12:00,0.244427102,0.312325239,17.49822175,20.14014904,Stress
5,03-01-2025 13:00,0.379027034,0.24924529,16.18914249,17.74242214,Stress
5,03-01-2025 14:00,0.288299007,0.323317919,17.98733452,18.92404898,Stress
5,03-01-2025 15:00,0.284007624,0.3075879,16.1648571,21.08953872,Stress
5,03-01-2025 16:00,0.219616949,0.309237029,19.02360622,19.00679984,Stress
5,03-01-2025 17:00,0.290498048,0.282127729,16.81960832,20.37284847,Stress
5,03-01-2025 18:00,0.189406904,0.376671685,15.57604285,18.73334767,Stress
5,03-01-2025 19:00,0.278537779,0.329427663,15.40187565,19.46217267,Stress
5,03-01-2025 20:00,0.401215481,0.2318413,17.18970617,18.33801782,Stress
5,03-01-2025 21:00,0.32129436,0.300957389,16.35851309,19.48787228,Stress
5,03-01-2025 22:00,0.390217405,0.29045481,17.71975794,17.70672704,Stress
5,03-01-2025 23:00,0.252178181,0.323620314,18.48411603,19.35561335,Stress
5,04-01-2025 00:00,0.284347098,0.29996457,15.74959227,19.60451533,Stress
5,04-01-2025 01:00,0.344116653,0.277395483,16.52995785,19.26587823,Stress
5,04-01-2025 02:00,0.278164013,0.296693369,19.09972179,18.7529743,Stress
5,04-01-2025 03:00,0.282082992,0.26762291,17.74419197,18.81877583,Stress
5,04-01-2025 04:00,0.267531348,0.366065202,18.419603,18.39957643,Stress
5,04-01-2025 05:00,0.206673002,0.350375684,16.31537017,19.7906256,Stress
5,04-01-2025 06:00,0.201494809,0.344629867,15.78882807,19.73076412,Stress
5,04-01-2025 07:00,0.300713653,0.252303029,16.59296369,19.68631846,Stress
5,04-01-2025 08:00,0.305294723,0.329220649,18.97644058,17.43575839,Stress
5,04-01-2025 09:00,0.380860629,0.305217797,16.10121595,17.66968637,Stress
5,04-01-2025 10:00,0.29054398,0.346082506,16.87245088,20.51115493,Stress
5,04-01-2025 11:00,0.227441215,0.299395553,15.74760656,19.36363188,Stress
5,04-01-2025 12:00,0.34434437,0.27896191,14.39578614,19.19894815,Stress
5,04-01-2025 13:00,0.321836928,0.320214738,18.23578219,17.92894632,Stress
5,04-01-2025 14:00,0.334010805,0.359625376,15.22141242,19.31965183,Stress
5,04-01-2025 15:00,0.274791008,0.295923866,17.34767648,18.51277144,Stress
5,04-01-2025 16:00,0.266214596,0.301707621,15.91275406,17.91417487,Stress
5,04-01-2025 17:00,0.333968664,0.242560298,17.6663125,19.46259129,Stress
5,04-01-2025 18:00,0.563709664,0.616121767,14.6941094,14.51883447,Recovery
5,04-01-2025 19:00,0.626779787,0.673103045,14.28339051,15.24846111,Recovery
5,04-01-2025 20:00,0.62012449,0.721118493,15.23889966,16.47885805,Recovery
5,04-01-2025 21:00,0.654265907,0.609586714,12.66955559,16.02251411,Recovery
5,04-01-2025 22:00,0.670919911,0.72007993,14.15045009,13.9969197,Recovery
5,04-01-2025 23:00,0.702597381,0.600096969,13.11602873,15.75020021,Recovery
5,05-01-2025 00:00,0.749783374,0.805495928,14.10672306,15.31680338,Recovery
5,05-01-2025 01:00,0.676725282,0.694382771,13.17933237,17.29521136,Recovery
5,05-01-2025 02:00,0.661503538,0.674887154,14.16592425,15.92158661,Recovery
5,05-01-2025 03:00,0.691947025,0.619137341,12.94169825,14.39984577,Recovery
5,05-01-2025 04:00,0.671975062,0.688946825,13.95777287,17.17449243,Recovery
5,05-01-2025 05:00,0.649720199,0.683437083,12.40829912,15.1129003,Recovery
5,05-01-2025 06:00,0.684776888,0.692455106,13.20603305,15.42840075,Recovery
5,05-01-2025 07:00,0.574106313,0.63214854,14.39038316,16.07520502,Recovery
5,05-01-2025 08:00,0.675033286,0.652488684,13.50706316,14.83967886,Recovery
5,05-01-2025 09:00,0.684941421,0.671048647,13.99201885,14.97396516,Recovery
5,05-01-2025 10:00,0.542332854,0.704857636,13.02116254,14.63722424,Recovery
5,05-01-2025 11:00,0.684673946,0.630399368,14.55993638,16.11700595,Recovery
5,05-01-2025 12:00,0.684178466,0.581702214,14.71194399,15.76125053,Recovery
5,05-01-2025 13:00,0.631536143,0.657169423,11.72376477,15.90865281,Recovery
5,05-01-2025 14:00,0.598531425,0.582366486,11.97764081,16.61268837,Recovery
5,05-01-2025 15:00,0.61853683,0.726686385,12.96419854,13.79264204,Recovery
5,05-01-2025 16:00,0.594173778,0.711790581,13.34410182,14.9517127,Recovery
5,05-01-2025 17:00,0.658000911,0.675089137,14.61739882,16.94849923,Recovery
5,05-01-2025 18:00,0.632011568,0.583697616,13.08653484,15.76028051,Recovery
5,05-01-2025 19:00,0.601812054,0.602142454,13.84378788,15.45134765,Recovery
5,05-01-2025 20:00,0.65163985,0.612075233,13.26959929,14.57576686,Recovery
5,05-01-2025 21:00,0.694509921,0.701762467,11.65381214,14.57048914,Recovery
5,05-01-2025 22:00,0.575173537,0.617498803,13.41656203,14.05035478,Recovery
5,05-01-2025 23:00,0.603907009,0.599802131,13.70726733,15.56934434,Recovery
